{"__type__":"sp.SkeletonData","_name":"itslotmu","_skeletonJson":{"skins":{"default":{"bg":{"bg":{"width":232,"height":423}},"than":{"than":{"triangles":[52,29,30,52,45,29,29,45,49,45,46,49,29,27,28,29,49,27,45,14,46,46,14,50,46,48,49,49,48,27,46,50,47,46,47,48,47,50,20,27,48,26,15,16,14,14,16,50,48,47,26,16,19,50,50,19,20,18,19,17,47,25,26,16,17,19,20,21,47,47,21,25,25,21,23,21,22,23,25,23,24,53,12,51,44,51,45,12,13,51,51,14,45,51,13,14,58,55,43,7,8,6,8,9,6,5,6,54,6,9,54,5,54,55,9,10,54,54,10,53,54,53,55,53,11,12,11,53,10,55,44,43,55,53,44,44,56,43,43,56,30,56,52,30,52,56,45,53,51,44,56,44,45,0,59,42,0,58,59,1,2,0,0,2,58,58,2,3,42,59,41,41,59,40,3,5,58,3,4,5,5,55,58,58,57,59,58,43,57,39,40,38,38,40,57,57,40,59,57,30,38,57,43,30,38,31,37,38,30,31,33,36,37,37,31,32,37,32,33,35,36,34,34,36,33],"uvs":[0.28363,0.92601,0.12049,0.85028,0.22442,0.75342,0.23167,0.71908,0.16521,0.71028,0.24496,0.64952,0.16279,0.65832,0.08787,0.67681,0.07095,0.63103,0.09391,0.58084,0.04315,0.46637,0.12291,0.329,0.17366,0.32107,0.19179,0.26472,0.31626,0.25591,0.28001,0.20132,0.31384,0.21013,0.2075,0.13528,0.21596,0.11238,0.34164,0.16434,0.38393,0.17578,0.39118,0.15553,0.37185,0.13176,0.39964,0.13352,0.39722,0.0798,0.44435,0.1344,0.52411,0.20484,0.51807,0.26824,0.5664,0.24271,0.50719,0.36246,0.53015,0.48486,0.68362,0.43643,0.69329,0.38535,0.83468,0.32372,0.9531,0.36334,0.93377,0.43643,0.87818,0.45492,0.73679,0.48838,0.57728,0.53417,0.61595,0.57555,0.62078,0.59669,0.69933,0.64776,0.67758,0.86437,0.42559,0.50863,0.29579,0.41149,0.40104,0.32969,0.42033,0.27984,0.42559,0.18909,0.47471,0.23766,0.47471,0.28879,0.36069,0.22744,0.28,0.35142,0.44138,0.38465,0.20107,0.42938,0.14494,0.5163,0.28702,0.5163,0.41682,0.44984,0.47646,0.56615,0.34315,0.69908,0.55013,0.69013],"vertices":[2,15,199.63,-110.78,0.99792,5,-149.64,225.78,0.00208,2,15,145.85,-173.46,0.97058,5,-67.96,238,0.02942,2,15,95.94,-121.5,0.91241,5,-64.2,166.05,0.08759,2,15,76.45,-115.59,0.84178,5,-53.33,148.83,0.15822,2,15,67.33,-142.96,0.72395,5,-28.53,163.56,0.27605,2,15,36.9,-104.21,0.54266,5,-30.87,114.35,0.45734,2,15,37.05,-139.67,0.35941,5,-7.77,141.27,0.64059,2,15,43.25,-172.88,0.2448,5,9.26,170.44,0.7552,2,15,15.67,-176.23,0.20875,5,32.31,154.93,0.79125,3,15,-12.06,-162.37,0.13929,5,44.22,126.3,0.85681,6,-151.04,24.42,0.00389,3,15,-81.53,-174.33,0.06573,5,104.59,89.9,0.79031,6,-102.61,75.65,0.14397,3,15,-156.41,-129.24,0.00791,5,131.71,6.81,0.63953,6,-15.65,84.44,0.35256,3,5,118.4,-10.91,0.35691,6,-1.17,67.67,0.64305,14,-19.13,105.88,0.00004,3,5,134.23,-40.91,0.16435,6,31.51,76.74,0.69656,14,13.66,97.2,0.13908,4,15,-187.13,-41.45,0.00005,5,97.51,-79.68,0.03792,6,61.57,32.6,0.56743,14,17.3,43.92,0.39461,3,5,130.18,-93.66,0.0007,6,82.19,61.54,0.30686,14,49.72,58.48,0.69243,2,6,84.61,46.39,0.11328,14,44.15,44.19,0.88672,2,6,101.27,107.29,0.05104,14,89.29,88.32,0.94896,2,6,114.77,110.56,0.01148,14,102.59,84.33,0.98852,2,6,113.84,48.87,0.01558,14,70.63,31.56,0.98442,2,6,116.63,29.81,0.01171,14,63.41,13.7,0.98829,2,6,128.53,32.8,0.00414,14,75.18,10.26,0.99586,2,6,136.78,46.73,0.00004,14,89.34,18.12,0.99996,1,14,87.97,6.28,1,1,14,119.47,6.42,1,1,14,86.91,-12.79,1,3,5,50.17,-160.5,0.00153,6,130.45,-30.87,0.00052,14,44.68,-45.65,0.99795,3,5,27.74,-130.77,0.00153,6,96.62,-46.45,0.00052,14,7.61,-42.01,0.99795,4,15,-179.68,65.38,0.00918,5,21.99,-155.61,0.06411,6,119.66,-57.37,0.08394,14,21.98,-63.07,0.84277,4,15,-113.79,30.43,0.19267,5,-4.98,-86.06,0.1037,6,45.96,-68.9,0.22645,14,-47.44,-35.79,0.47718,4,15,-41.4,29.99,0.59016,5,-59.44,-38.37,0.12732,6,-12.24,-111.94,0.09558,14,-119.42,-43.54,0.18693,4,15,-60.23,98.88,0.91431,5,-90.27,-102.79,0.06474,6,44.13,-155.79,0.01217,14,-92.92,-109.86,0.00877,1,15,-89.27,107.2,1,1,15,-116.49,172.07,1,1,15,-86.35,218.85,1,1,15,-45.12,204.62,1,1,15,-37.75,179.59,1,4,15,-26.88,117.05,0.99286,5,-127.38,-94.71,0.0056,6,28.34,-190.33,0.00083,14,-124,-131.68,0.00072,4,15,-9.95,45.83,0.99286,5,-93.59,-29.77,0.0056,6,-27.91,-143.47,0.00083,14,-148.88,-62.83,0.00072,4,15,16.4,58.74,0.99286,5,-121.96,-22.31,0.0056,6,-41.25,-169.61,0.00083,14,-173.59,-78.64,0.00072,1,15,28.95,59.03,1,1,15,63.32,88,1,1,15,187.66,60.86,1,4,15,-33.92,-16.18,0.23972,5,-34.89,1.44,0.69332,6,-45.9,-79.48,0.06368,14,-132.07,1.48,0.00328,4,15,-98.11,-63,0.15987,5,44.28,-5.15,0.47316,6,-22.59,-3.52,0.24881,14,-73.58,55.26,0.11816,4,15,-139.21,-11.73,0.00554,5,41.83,-70.81,0.22097,6,41.04,-19.91,0.31355,14,-26.95,8.97,0.45994,4,15,-166.96,0.56,0.00006,5,54.78,-98.26,0.01094,6,70.61,-13.11,0.20635,14,2.01,-0.1,0.78264,2,6,118.34,10.46,0.00411,14,55.11,-3.86,0.99589,1,14,26.06,-24.01,1,3,5,33.81,-109.54,0.01269,6,77.17,-35.99,0.01963,14,-3.89,-23.16,0.96768,2,6,85.32,23.98,0.15756,14,33.44,24.48,0.84244,2,5,72.47,-27.29,0.12054,6,5.05,19.3,0.87946,4,15,-104.89,0.77,0.03036,5,7.69,-57.81,0.29497,6,21.06,-50.49,0.40877,14,-59.64,-7.33,0.2659,3,15,-93.45,-104.52,0.00624,5,67.92,29.3,0.94562,6,-51.22,26.92,0.04814,2,15,-46.42,-135.45,0.08764,5,52.59,83.47,0.91236,2,15,-37.84,-75.39,0.16331,5,6.81,43.66,0.83669,4,15,-68.56,-15.01,0.1016,5,-9.46,-22.1,0.72396,6,-17.48,-59.64,0.12617,14,-97.52,4.24,0.04828,1,15,2.52,0.56,1,2,15,71.58,-66.81,0.871,5,-81.56,108.75,0.129,1,15,78.89,21.43,1],"edges":[36,38,38,40,40,42,42,44,44,46,46,48,48,50,50,52,52,54,54,56,56,58,58,60,60,62,62,64,64,66,66,68,68,70,70,72,72,74,74,76,76,78,78,80,80,82,82,84,84,0,0,2,2,4,4,6,6,8,8,10,10,12,12,14,14,16,16,18,18,20,20,22,22,24,24,26,26,28,28,30,30,32,32,34,34,36,86,88,88,90,90,28,90,58,90,92,92,94,94,40],"width":427,"type":"mesh","hull":43,"height":586}},"lua":{"lua":{"triangles":[17,1,2,13,14,17,13,16,14,8,9,16,18,8,16,19,17,2,19,2,3,12,13,17,12,17,19,7,8,18,16,12,18,12,16,13,6,18,12,7,18,6,5,12,19,6,12,5,4,5,19,4,19,3,0,15,11,10,11,15,1,15,0,14,10,15,14,15,1,9,10,14,17,14,1,16,9,14],"uvs":[0.77113,0.21298,0.76113,0.37908,0.84613,0.57539,0.98,0.8019,0.78113,0.97987,0.57613,0.97987,0.41113,0.97987,0.15613,0.86482,0.02,0.63328,0.19613,0.40928,0.39613,0.22053,0.58613,0.02013,0.53113,0.85475,0.48113,0.62824,0.48113,0.42438,0.61113,0.21298,0.29613,0.63579,0.70113,0.60056,0.23113,0.77925,0.80113,0.82959],"vertices":[1,13,37.79,-10.54,1,3,13,13.87,-16.94,0.82619,11,64.3,-20.51,0.00029,12,34.05,-21.34,0.17352,3,13,-12.32,-31.45,0.03481,11,34.74,-25.25,0.42135,12,4.38,-25.36,0.54385,2,11,0.49,-33.4,0.99603,12,-30.06,-32.68,0.00397,1,11,-25.16,-17.04,1,1,11,-24.31,-1.69,1,1,11,-23.62,10.67,1,2,11,-5.44,28.81,0.9936,12,-34.48,29.66,0.0064,3,13,-38.38,25.42,0.00227,11,29.57,37.09,0.60986,12,0.73,37.09,0.38787,3,13,-2.62,22.36,0.581,11,62.16,22.05,0.02112,12,32.94,21.26,0.39787,1,13,28.63,16.07,1,1,13,61.33,11,1,1,11,-5.51,0.65,1,2,11,28.4,2.52,0.86968,12,-1.28,2.55,0.13032,1,13,1.37,1.24,1,1,13,34.34,0.95,1,3,13,-32.79,5.48,0.00044,11,28.05,16.44,0.64725,12,-1.3,16.47,0.35231,3,13,-19.03,-22.11,0.01069,11,31.6,-14.18,0.46381,12,1.51,-14.22,0.5255,2,11,6.98,22.49,0.96282,12,-22.22,23.04,0.03718,2,11,-2.88,-19.78,0.99991,12,-33.1,-18.98,0.00009],"edges":[22,20,20,18,18,16,16,14,14,12,8,6,6,4,4,2,2,0,0,22,8,10,10,12,10,24,24,26,26,28,28,30,30,22],"width":75,"type":"mesh","hull":12,"height":149}},"Layer 766":{"Layer 766":{"x":2.33,"width":180,"y":13.12,"height":66}},"Layer 767":{"Layer 767":{"x":-3.27,"width":173,"y":-3.08,"height":83}},"tay":{"tay":{"triangles":[27,45,26,27,46,45,46,12,45,12,13,45,45,25,26,45,24,25,24,45,19,14,15,13,15,17,13,18,19,45,45,13,17,24,19,23,15,16,17,45,17,18,23,19,22,19,20,22,20,21,22,44,30,31,31,43,44,44,47,30,30,47,29,43,7,44,47,46,29,7,8,44,8,9,44,44,9,47,46,10,11,9,10,47,46,47,10,29,46,28,28,46,27,11,12,46,43,31,32,32,33,43,33,34,43,43,34,48,48,34,35,37,41,36,35,36,48,36,41,48,43,48,5,48,4,5,43,5,7,5,6,7,48,42,4,48,41,42,42,2,4,4,2,3,37,38,41,41,38,40,38,39,40,40,0,41,41,1,42,41,0,1,42,1,2],