{"__type__":"sp.SkeletonData","_name":"M1_8","_skeletonJson":{"skins":{"default":{"1":{"1":{"x":58.42,"width":60,"y":38.01,"height":69}},"2":{"2":{"x":5.92,"width":205,"y":-2.49,"height":194}},"3":{"1":{"x":58.42,"width":60,"y":38.01,"height":69}},"4":{"2":{"x":5.92,"width":205,"y":-2.49,"height":194}},"a":{"a":{"triangles":[22,8,10,10,8,9,10,21,22,10,11,21,22,7,8,7,22,6,22,20,6,22,21,20,20,21,12,21,11,12,12,19,20,6,20,5,20,24,5,5,24,4,20,19,24,4,24,18,18,24,23,24,19,23,23,13,18,23,19,12,12,13,23,3,4,18,18,25,3,3,25,2,25,17,2,18,13,25,17,25,14,25,13,14,17,14,15,2,0,1,2,17,0,0,17,16,17,15,16],"uvs":[1,0.40987,1,0.51534,0.73692,0.49868,0.64886,0.55267,0.55584,0.6097,0.49163,0.66654,0.40785,0.7407,0.30011,0.82075,0.14432,1,0.05663,1,0.02689,0.83839,0.02901,0.54531,0.08566,0.3477,0.46874,0.13899,0.59778,0.07281,0.73975,0,1,0,0.71426,0.3144,0.50132,0.39877,0.27756,0.25889,0.33491,0.58528,0.13169,0.66188,0.18752,0.72971,0.37722,0.19639,0.42025,0.48963,0.62097,0.35136],"vertices":[1,2,-25.54,-1.24,1,1,2,-28.42,10.86,1,2,2,19.39,20.19,0.53047,3,2.11,21.85,0.46953,3,2,33.77,30.16,0.04727,3,19.5,23.71,0.95041,4,-11.75,29.65,0.00232,2,3,37.88,25.68,0.75451,4,6.25,25.47,0.24549,3,3,51.1,29.02,0.32966,4,19.84,24.29,0.65152,5,-17.98,24.11,0.01882,3,3,68.36,33.39,0.04619,4,37.57,22.74,0.60751,5,-0.23,22.79,0.3463,3,4,59.36,19.26,0.06485,5,21.59,19.6,0.83175,6,-6.02,22.54,0.10341,1,6,28.54,13.39,1,1,6,38.72,0.77,1,2,5,64.8,-6.71,0.01315,6,27.34,-15.49,0.98685,3,4,82.34,-35.9,0.0518,5,45.29,-35.27,0.5438,6,0.17,-36.9,0.4044,3,4,60.52,-49.21,0.2227,5,23.64,-48.86,0.66848,6,-24.55,-43.39,0.10882,2,3,38.81,-32.15,0.50258,4,-11.86,-29.45,0.49742,3,2,56.04,-22.75,0.08646,3,13.72,-33.4,0.85603,4,-35.97,-22.39,0.05751,2,2,32.47,-37.18,0.63774,3,-13.88,-34.78,0.36226,1,2,-14.37,-48.3,1,2,2,28.49,0.01,0.39284,3,0.43,-0.23,0.60716,1,4,0.5,-0.76,1,4,3,76.65,-27.81,0.00315,4,25.31,-37.78,0.77872,5,-11.71,-37.88,0.21788,6,-55,-22.34,0.00025,2,4,38.33,-0.01,0.37244,5,0.82,0.05,0.62756,3,4,74.45,-13.82,0.01201,5,37.12,-13.29,0.50265,6,-1.05,-13.48,0.48535,3,4,70.46,-1.37,0.00015,5,32.96,-0.9,0.75886,6,-1.3,-0.42,0.24099,3,3,56.92,-30.07,0.11857,4,5.93,-33.44,0.85689,5,-31.14,-33.79,0.02454,1,4,18.93,-0.4,1,2,3,18.23,-0.56,0.99979,4,-20.92,7.14,0.00021],"edges":[30,32,30,34,34,4,4,2,2,0,0,32,34,0,8,36,36,26,38,40,40,12,38,24,24,42,24,22,22,20,20,18,16,18,16,14,14,12,14,44,44,42,42,20,44,40,26,46,46,38,36,48,48,40,46,48,8,10,10,12,48,10,4,6,6,8,34,50,50,36,6,50,30,28,28,26,50,28,24,26],"width":185,"type":"mesh","hull":17,"height":118}},"fx2":{"fx":{"scaleX":1.218,"scaleY":1.218,"rotation":146.31,"x":-1.6,"width":53,"y":-0.49,"height":53}},"b":{"b":{"triangles":[11,9,6,5,6,9,10,5,9,10,9,2,4,5,10,3,10,2,4,10,3,11,7,8,11,8,0,1,11,0,11,6,7,9,11,1,2,9,1],"uvs":[1,0.36675,0.8372,0.51993,0.5961,0.7468,0.36414,1,0,1,0,0.58453,0.21622,0.1874,0.59273,0,1,0,0.51205,0.55464,0.22722,0.80238,0.75397,0.27966],"vertices":[1,7,0.86,10.21,1,1,7,10.33,9.21,1,2,7,24.35,7.73,0.93183,8,0.97,8.21,0.06817,2,7,38.72,7.27,0.05782,8,15.28,9.58,0.94218,1,8,29.26,-0.29,1,1,8,20.4,-12.85,1,2,7,23.52,-19.59,0.04037,8,3.62,-18.99,0.95963,2,7,5.79,-12.73,0.78299,8,-14.84,-14.45,0.21701,1,7,-8.31,0.21,1,2,7,22.46,-0.17,0.39895,8,0.1,0.13,0.60105,1,8,16.32,-0.1,1,1,7,7.2,0.02,1],"edges":[6,8,6,4,0,16,14,16,14,12,8,10,12,10,8,20,20,18,10,20,20,6,4,18,18,12,16,22,22,18,14,22,0,2,2,4,22,2],"width":47,"type":"mesh","hull":9,"height":37}},"khung":{"khung":{"x":1.97,"width":147,"y":0.29,"height":140}},"b2":{"b":{"triangles":[11,9,6,5,6,9,10,5,9,10,9,2,4,5,10,3,10,2,4,10,3,11,7,8,11,8,0,1,11,0,11,6,7,9,11,1,2,9,1],"uvs":[1,0.36675,0.8372,0.51993,0.5961,0.7468,0.36414,1,0,1,0,0.58453,0.21622,0.1874,0.59273,0,1,0,0.51205,0.55464,0.22722,0.80238,0.75397,0.27966],"vertices":[1,7,0.86,10.21,1,1,7,10.33,9.21,1,2,7,24.35,7.73,0.93183,8,0.97,8.21,0.06817,2,7,38.72,7.27,0.05782,8,15.28,9.58,0.94218,1,8,29.26,-0.29,1,1,8,20.4,-12.85,1,2,7,23.52,-19.59,0.04037,8,3.62,-18.99,0.95963,2,7,5.79,-12.73,0.78299,8,-14.84,-14.45,0.21701,1,7,-8.31,0.21,1,2,7,22.46,-0.17,0.39895,8,0.1,0.13,0.60105,1,8,16.32,-0.1,1,1,7,7.2,0.02,1],"edges":[6,8,6,4,0,16,14,16,14,12,8,10,12,10,8,20,20,18,10,20,20,6,4,18,18,12,16,22,22,18,14,22,0,2,2,4,22,2],"width":47,"type":"mesh","hull":9,"height":37}},"a2":{"a":{"triangles":[22,8,10,10,8,9,10,21,22,10,11,21,22,7,8,7,22,6,22,20,6,22,21,20,20,21,12,21,11,12,12,19,20,6,20,5,20,24,5,5,24,4,20,19,24,4,24,18,18,24,23,24,19,23,23,13,18,23,19,12,12,13,23,3,4,18,18,25,3,3,25,2,25,17,2,18,13,25,17,25,14,25,13,14,17,14,15,2,0,1,2,17,0,0,17,16,17,15,16],"uvs":[1,0.40987,1,0.51534,0.73692,0.49868,0.64886,0.55267,0.55584,0.6097,0.49163,0.66654,0.40785,0.7407,0.30011,0.82075,0.14432,1,0.05663,1,0.02689,0.83839,0.02901,0.54531,0.08566,0.3477,0.46874,0.13899,0.59778,0.07281,0.73975,0,1,0,0.71426,0.3144,0.50132,0.39877,0.27756,0.25889,0.33491,0.58528,0.13169,0.66188,0.18752,0.72971,0.37722,0.19639,0.42025,0.48963,0.62097,0.35136],"vertices":[1,2,-25.54,-1.24,1,1,2,-28.42,10.86,1,2,2,19.39,20.19,0.53047,3,2.11,21.85,0.46953,3,2,33.77,30.16,0.04727,3,19.5,23.71,0.95041,4,-11.75,29.65,0.00232,2,3,37.88,25.68,0.75451,4,6.25,25.47,0.24549,3,3,51.1,29.02,0.32966,4,19.84,24.29,0.65152,5,-17.98,24.11,0.01882,3,3,68.36,33.39,0.04619,4,37.57,22.74,0.60751,5,-0.23,22.79,0.3463,3,4,59.36,19.26,0.06485,5,21.59,19.6,0.83175,6,-6.02,22.54,0.10341,1,6,28.54,13.39,1,1,6,38.72,0.77,1,2,5,64.8,-6.71,0.01315,6,27.34,-15.49,0.98685,3,4,82.34,-35.9,0.0518,5,45.29,-35.27,0.5438,6,0.17,-36.9,0.4044,3,4,60.52,-49.21,0.2227,5,23.64,-48.86,0.66848,6,-24.55,-43.39,0.10882,2,3,38.81,-32.15,0.50258,4,-11.86,-29.45,0.49742,3,2,56.04,-22.75,0.08646,3,13.72,-33.4,0.85603,4,-35.97,-22.39,0.05751,2,2,32.47,-37.18,0.63774,3,-13.88,-34.78,0.36226,1,2,-14.37,-48.3,1,2,2,28.49,0.01,0.39284,3,0.43,-0.23,0.60716,1,4,0.5,-0.76,1,4,3,76.65,-27.81,0.00315,4,25.31,-37.78,0.77872,5,-11.71,-37.88,0.21788,6,-55,-22.34,0.00025,2,4,38.33,-0.01,0.37244,5,0.82,0.05,0.62756,3,4,74.45,-13.82,0.01201,5,37.12,-13.29,0.50265,6,-1.05,-13.48,0.48535,3,4,70.46,-1.37,0.00015,5,32.96,-0.9,0.75886,6,-1.3,-0.42,0.24099,3,3,56.92,-30.07,0.11857,4,5.93,-33.44,0.85689,5,-31.14,-33.79,0.02454,1,4,18.93,-0.4,1,2,3,18.23,-0.56,0.99979,4,-20.92,7.14,0.00021],"edges":[30,32,30,34,34,4,4,2,2,0,0,32,34,0,8,36,36,26,38,40,40,12,38,24,24,42,24,22,22,20,20,18,16,18,16,14,14,12,14,44,44,42,42,20,44,40,26,46,46,38,36,48,48,40,46,48,8,10,10,12,48,10,4,6,6,8,34,50,50,36,6,50,30,28,28,26,50,28,24,26],"width":185,"type":"mesh","hull":17,"height":118}},"fx":{"fx":{"rotation":146.31,"x":-1.6,"width":53,"y":-0.49,"height":53}},"text3":{"text":{"rotation":-88.98,"x":-1.54,"width":129,"y":3.46,"height":54}},"text2":{"text":{"rotation":-88.98,"x":-1.54,"width":129,"y":3.46,"height":54}},"text":{"text":{"rotation":-88.98,"x":-1.54,"width":129,"y":3.46,"height":54}}}},"skeleton":{"images":"C:/Users/WIN1064/Downloads/export/Jackpot/New folder","width":205,"spine":"3.7.94","audio":"Y:/VietAnh/hieu ung/Slot Mu/item/animation/Jackpot/textures","hash":"y43LLsl8EbT7ZR9oDO9uPzoP28Q","height":194},"slots":[{"name":"bg","bone":"root"},{"attachment":"khung","name":"khung","bone":"root"},{"attachment":"2","name":"2","bone":"a"},{"color":"fffefe00","attachment":"2","blend":"additive","name":"4","bone":"a"},{"attachment":"b","name":"b","bone":"b"},{"color":"fffefe00","attachment":"b","blend":"additive","name":"b2","bone":"b"},{"attachment":"a","name":"a","bone":"a3"},{"color":"fffefe00","attachment":"a","blend":"additive","name":"a2","bone":"a3"},{"attachment":"1","name":"1","bone":"a"},{"color":"fffefe00","attachment":"1","blend":"additive","name":"3","bone":"a"},{"attachment":"text","name":"text","bone":"text"},{"color":"ffffff00","attachment":"text","blend":"additive","name":"text2","bone":"text2"},{"color":"ffffff00","attachment":"text","blend":"additive","name":"text3","bone":"text3"},{"color":"ffffff00","attachment":"fx","blend":"additive","name":"fx","bone":"fx"},{"color":"ffffff00","attachment":"fx","blend":"additive",